{
  "airplane": {
    "precision": 0.7804878048780488,
    "recall": 0.48,
    "f1-score": 0.5944272445820433,
    "support": 200
  },
  "automobile": {
    "precision": 0.8394160583941606,
    "recall": 0.575,
    "f1-score": 0.6824925816023738,
    "support": 200
  },
  "bird": {
    "precision": 0.47540983606557374,
    "recall": 0.435,
    "f1-score": 0.45430809399477806,
    "support": 200
  },
  "cat": {
    "precision": 0.33584905660377357,
    "recall": 0.445,
    "f1-score": 0.3827956989247312,
    "support": 200
  },
  "deer": {
    "precision": 0.4840182648401826,
    "recall": 0.53,
    "f1-score": 0.5059665871121717,
    "support": 200
  },
  "dog": {
    "precision": 0.42911877394636017,
    "recall": 0.56,
    "f1-score": 0.48590021691973967,
    "support": 200
  },
  "frog": {
    "precision": 0.6542056074766355,
    "recall": 0.7,
    "f1-score": 0.6763285024154588,
    "support": 200
  },
  "horse": {
    "precision": 0.6829268292682927,
    "recall": 0.56,
    "f1-score": 0.6153846153846154,
    "support": 200
  },
  "ship": {
    "precision": 0.7272727272727273,
    "recall": 0.76,
    "f1-score": 0.7432762836185819,
    "support": 200
  },
  "truck": {
    "precision": 0.6311111111111111,
    "recall": 0.71,
    "f1-score": 0.6682352941176469,
    "support": 200
  }
}