{
  "accuracy": [
    0.2854999899864197,
    0.43130001425743103,
    0.4973999857902527,
    0.5435000061988831,
    0.5770999789237976
  ],
  "loss": [
    1.928970456123352,
    1.5671344995498657,
    1.4047818183898926,
    1.270783543586731,
    1.1899632215499878
  ],
  "val_accuracy": [
    0.41999998688697815,
    0.5080000162124634,
    0.531499981880188,
    0.5684999823570251,
    0.5709999799728394
  ],
  "val_loss": [
    1.582269549369812,
    1.364072322845459,
    1.2923855781555176,
    1.1981385946273804,
    1.1926543712615967
  ]
}